model_id,artifact_id
30566b0c-4de2-4825-ac28-572bdf4ef39a,1a98abe2-76ca-4988-bd8d-2264f51a6649
30566b0c-4de2-4825-ac28-572bdf4ef39a,09154de2-70c5-48f3-bdef-ac3aeea18110
30566b0c-4de2-4825-ac28-572bdf4ef39a,0cc84e5f-eaae-41c2-ad5a-4b6db17f976b
30566b0c-4de2-4825-ac28-572bdf4ef39a,e89f2f92-7819-4fb4-a78c-5efe9cdae29d
30566b0c-4de2-4825-ac28-572bdf4ef39a,9db31fe3-bcd9-4c71-958f-f65eeeea18e3
30566b0c-4de2-4825-ac28-572bdf4ef39a,0066097d-0ea8-48b3-8c1c-2569167e6698
30566b0c-4de2-4825-ac28-572bdf4ef39a,e7507db4-a5ea-49c9-b0f1-7b1406b95547
30566b0c-4de2-4825-ac28-572bdf4ef39a,b9343647-1a6a-498b-bc31-cb3101db2cc3
30566b0c-4de2-4825-ac28-572bdf4ef39a,53a0f12f-e777-4834-9709-0b8ea1c5b572
30566b0c-4de2-4825-ac28-572bdf4ef39a,4a6a6cfe-29e5-46b5-8f3f-f2db594478d9
30566b0c-4de2-4825-ac28-572bdf4ef39a,c9e59105-3a2c-4c40-9729-f9ae78f9048f
30566b0c-4de2-4825-ac28-572bdf4ef39a,89dc8099-0fa9-47a5-9a1f-2d3f48034899
30566b0c-4de2-4825-ac28-572bdf4ef39a,8baec1f7-e017-49fa-9c28-9aa22c2bff2b
30566b0c-4de2-4825-ac28-572bdf4ef39a,373ccf1d-3ee9-45bd-a93e-e05362924f48
30566b0c-4de2-4825-ac28-572bdf4ef39a,86335a7c-2539-4f78-9e26-8ad5437d2fec
30566b0c-4de2-4825-ac28-572bdf4ef39a,8665dece-f1cd-40a6-99b1-6a9e0236b226
30566b0c-4de2-4825-ac28-572bdf4ef39a,c0b0104d-53a4-4c93-9a2f-85ce4de6f50c
30566b0c-4de2-4825-ac28-572bdf4ef39a,0eafd390-60dc-4596-a7a4-1177197e4dc3
30566b0c-4de2-4825-ac28-572bdf4ef39a,945eb606-694e-4cc9-8ac1-017c81651de0
30566b0c-4de2-4825-ac28-572bdf4ef39a,039d9030-085b-4d8d-bf33-b3fcf8cfa1d7
30566b0c-4de2-4825-ac28-572bdf4ef39a,9a7cadc8-0c3b-41bd-9d21-b04fbccd345b
30566b0c-4de2-4825-ac28-572bdf4ef39a,80a6555c-b096-4be1-acae-3b8b00af1915
30566b0c-4de2-4825-ac28-572bdf4ef39a,3468e200-1026-4df9-87f8-e599be25f90d
30566b0c-4de2-4825-ac28-572bdf4ef39a,5bf441ce-0a43-488e-990f-e8b50b5528b6
30566b0c-4de2-4825-ac28-572bdf4ef39a,e28b160a-cbce-470a-a4a3-96f5b7d996d8
30566b0c-4de2-4825-ac28-572bdf4ef39a,972aae4f-155b-4a65-a994-5d7c492ace7b
30566b0c-4de2-4825-ac28-572bdf4ef39a,3decbe77-7298-4efb-9977-27ca006d9408
30566b0c-4de2-4825-ac28-572bdf4ef39a,a423b5fc-3642-4d5e-b23b-58bed8d2af0c
30566b0c-4de2-4825-ac28-572bdf4ef39a,bf728430-f25b-4912-943d-c71fce0d2f1c
30566b0c-4de2-4825-ac28-572bdf4ef39a,3318aa1d-15ec-4fe4-ae51-4cc12fdde82b
30566b0c-4de2-4825-ac28-572bdf4ef39a,1a98abe2-76ca-4988-bd8d-2264f51a6649
30566b0c-4de2-4825-ac28-572bdf4ef39a,09154de2-70c5-48f3-bdef-ac3aeea18110
30566b0c-4de2-4825-ac28-572bdf4ef39a,0cc84e5f-eaae-41c2-ad5a-4b6db17f976b
30566b0c-4de2-4825-ac28-572bdf4ef39a,e89f2f92-7819-4fb4-a78c-5efe9cdae29d
30566b0c-4de2-4825-ac28-572bdf4ef39a,9db31fe3-bcd9-4c71-958f-f65eeeea18e3
30566b0c-4de2-4825-ac28-572bdf4ef39a,0066097d-0ea8-48b3-8c1c-2569167e6698
30566b0c-4de2-4825-ac28-572bdf4ef39a,e7507db4-a5ea-49c9-b0f1-7b1406b95547
30566b0c-4de2-4825-ac28-572bdf4ef39a,b9343647-1a6a-498b-bc31-cb3101db2cc3
30566b0c-4de2-4825-ac28-572bdf4ef39a,53a0f12f-e777-4834-9709-0b8ea1c5b572
30566b0c-4de2-4825-ac28-572bdf4ef39a,4a6a6cfe-29e5-46b5-8f3f-f2db594478d9
30566b0c-4de2-4825-ac28-572bdf4ef39a,c9e59105-3a2c-4c40-9729-f9ae78f9048f
30566b0c-4de2-4825-ac28-572bdf4ef39a,89dc8099-0fa9-47a5-9a1f-2d3f48034899
30566b0c-4de2-4825-ac28-572bdf4ef39a,8baec1f7-e017-49fa-9c28-9aa22c2bff2b
30566b0c-4de2-4825-ac28-572bdf4ef39a,373ccf1d-3ee9-45bd-a93e-e05362924f48
30566b0c-4de2-4825-ac28-572bdf4ef39a,86335a7c-2539-4f78-9e26-8ad5437d2fec
30566b0c-4de2-4825-ac28-572bdf4ef39a,8665dece-f1cd-40a6-99b1-6a9e0236b226
30566b0c-4de2-4825-ac28-572bdf4ef39a,c0b0104d-53a4-4c93-9a2f-85ce4de6f50c
30566b0c-4de2-4825-ac28-572bdf4ef39a,0eafd390-60dc-4596-a7a4-1177197e4dc3
30566b0c-4de2-4825-ac28-572bdf4ef39a,945eb606-694e-4cc9-8ac1-017c81651de0
30566b0c-4de2-4825-ac28-572bdf4ef39a,039d9030-085b-4d8d-bf33-b3fcf8cfa1d7
30566b0c-4de2-4825-ac28-572bdf4ef39a,9a7cadc8-0c3b-41bd-9d21-b04fbccd345b
30566b0c-4de2-4825-ac28-572bdf4ef39a,80a6555c-b096-4be1-acae-3b8b00af1915
30566b0c-4de2-4825-ac28-572bdf4ef39a,3468e200-1026-4df9-87f8-e599be25f90d
30566b0c-4de2-4825-ac28-572bdf4ef39a,5bf441ce-0a43-488e-990f-e8b50b5528b6
30566b0c-4de2-4825-ac28-572bdf4ef39a,e28b160a-cbce-470a-a4a3-96f5b7d996d8
30566b0c-4de2-4825-ac28-572bdf4ef39a,972aae4f-155b-4a65-a994-5d7c492ace7b
30566b0c-4de2-4825-ac28-572bdf4ef39a,3decbe77-7298-4efb-9977-27ca006d9408
30566b0c-4de2-4825-ac28-572bdf4ef39a,a423b5fc-3642-4d5e-b23b-58bed8d2af0c
30566b0c-4de2-4825-ac28-572bdf4ef39a,bf728430-f25b-4912-943d-c71fce0d2f1c
30566b0c-4de2-4825-ac28-572bdf4ef39a,3318aa1d-15ec-4fe4-ae51-4cc12fdde82b
8eb99af5-f0ff-40b1-92c1-568b8e00cf8e,bf4b66c8-c4ed-4493-b773-9a4ca06fa2ab
8eb99af5-f0ff-40b1-92c1-568b8e00cf8e,24934c23-b887-4ba4-889b-3492c919029e
8eb99af5-f0ff-40b1-92c1-568b8e00cf8e,a1dadff1-31ed-4ba8-a4ae-980f49ed65d2
8eb99af5-f0ff-40b1-92c1-568b8e00cf8e,4cc5988e-5085-41b5-8291-36dee828d59b
8eb99af5-f0ff-40b1-92c1-568b8e00cf8e,c3cb199b-c200-4e23-b817-72e3e698be96
8eb99af5-f0ff-40b1-92c1-568b8e00cf8e,1843862d-b865-418b-a3e6-13e9e1667337
8eb99af5-f0ff-40b1-92c1-568b8e00cf8e,bf4b66c8-c4ed-4493-b773-9a4ca06fa2ab
8eb99af5-f0ff-40b1-92c1-568b8e00cf8e,24934c23-b887-4ba4-889b-3492c919029e
8eb99af5-f0ff-40b1-92c1-568b8e00cf8e,a1dadff1-31ed-4ba8-a4ae-980f49ed65d2
8eb99af5-f0ff-40b1-92c1-568b8e00cf8e,4cc5988e-5085-41b5-8291-36dee828d59b
8eb99af5-f0ff-40b1-92c1-568b8e00cf8e,c3cb199b-c200-4e23-b817-72e3e698be96
8eb99af5-f0ff-40b1-92c1-568b8e00cf8e,1843862d-b865-418b-a3e6-13e9e1667337
96c479bd-c270-46f3-b63c-5d41067ec8ce,e0cee361-ee78-4187-97e8-c5d1d3bf957c
96c479bd-c270-46f3-b63c-5d41067ec8ce,b982e923-fcc2-48ab-88ad-95fc5b2d20b9
96c479bd-c270-46f3-b63c-5d41067ec8ce,3366db1b-bbf1-4d95-9296-e61dd8a2cbe9
96c479bd-c270-46f3-b63c-5d41067ec8ce,cf4aaf92-a5dd-4ab0-911f-4e6fc0148328
96c479bd-c270-46f3-b63c-5d41067ec8ce,a982bb18-8433-47d7-b025-b7cc5dce25ec
96c479bd-c270-46f3-b63c-5d41067ec8ce,7970242f-d0cd-48a2-8e07-48245332110e
b7400300-b1c9-4bca-a244-4ec1f03fc232,d376d585-2e0c-45cc-aaa4-cbae23647d15
b7400300-b1c9-4bca-a244-4ec1f03fc232,5668ee53-2bac-43d1-869e-e0fdbc2fc90f
b7400300-b1c9-4bca-a244-4ec1f03fc232,a56aacc4-c09e-4770-931d-ab985e6c3827
b7400300-b1c9-4bca-a244-4ec1f03fc232,2f246970-c05c-4643-bc66-baa457653523
b7400300-b1c9-4bca-a244-4ec1f03fc232,6972bd29-947e-4865-bd98-e0098e5e6106
b7400300-b1c9-4bca-a244-4ec1f03fc232,933886af-981b-4c2d-9bb4-2b7df5475d5b
b7400300-b1c9-4bca-a244-4ec1f03fc232,872fdecb-6330-4369-aa01-ad66898e9733
b7400300-b1c9-4bca-a244-4ec1f03fc232,405e146d-0eab-4574-80bb-d118777c17e1
b7400300-b1c9-4bca-a244-4ec1f03fc232,96139596-97f0-4f2d-aa07-1488b6dd1967
b7400300-b1c9-4bca-a244-4ec1f03fc232,803610a6-d611-435c-b9d2-b7541176a656
b7400300-b1c9-4bca-a244-4ec1f03fc232,28a0670c-3239-464f-be11-a1a85dce280c
b7400300-b1c9-4bca-a244-4ec1f03fc232,5a51a9fe-5ea6-4d89-a5a7-fc1e3f734cf2
b7400300-b1c9-4bca-a244-4ec1f03fc232,b89bdde1-812e-4dc5-8f40-50b1ea9bb22c
c7dbdc73-c3ec-4ad2-94d1-583697be4da4,9a624268-ebfe-4c42-a3b0-003dc4f34e3a
c7dbdc73-c3ec-4ad2-94d1-583697be4da4,9f70307b-8ee7-4d0d-956a-e3ee999f6497
c7dbdc73-c3ec-4ad2-94d1-583697be4da4,7e7e6a8b-52fd-4acb-8664-79ccb69c7b5b
c7dbdc73-c3ec-4ad2-94d1-583697be4da4,47a5939e-54ef-402c-bb5b-b0b82953eeb0
c7dbdc73-c3ec-4ad2-94d1-583697be4da4,1124c753-1f30-4e14-800e-92eba1803a47
c7dbdc73-c3ec-4ad2-94d1-583697be4da4,bff5cb64-70e8-42cc-abf0-fd7a6d2e369c
c7dbdc73-c3ec-4ad2-94d1-583697be4da4,da27d2d8-18c1-4b02-8d80-87f74b397387
c7dbdc73-c3ec-4ad2-94d1-583697be4da4,e4bfe772-8398-4738-b073-26b483ac2b9f
c7dbdc73-c3ec-4ad2-94d1-583697be4da4,6b23f0c0-0556-43a0-8d91-d2b61c61dcb8
c7dbdc73-c3ec-4ad2-94d1-583697be4da4,7d5b6f7b-a786-4f11-ab99-7f9d9ecf5e5a
c7dbdc73-c3ec-4ad2-94d1-583697be4da4,52b035a7-1133-431c-a310-a0695caeb458
c7dbdc73-c3ec-4ad2-94d1-583697be4da4,8e2ac1fa-d6de-4192-a7b4-641670145c2c
c7dbdc73-c3ec-4ad2-94d1-583697be4da4,fc24c29a-2e4f-44a2-9ae2-8ca2d3fa2515
c7dbdc73-c3ec-4ad2-94d1-583697be4da4,e2400e27-99b2-4ee9-a6e1-f02950e5740f
c7dbdc73-c3ec-4ad2-94d1-583697be4da4,3d4232fa-d922-4045-bb47-87d77c27ef77
c7dbdc73-c3ec-4ad2-94d1-583697be4da4,2d20adf6-8bf9-478f-bf7e-01c5ed7da2f5
c7dbdc73-c3ec-4ad2-94d1-583697be4da4,559b9451-3b0a-4a32-b2c7-8b049c67dd97
c7dbdc73-c3ec-4ad2-94d1-583697be4da4,22280233-294d-4552-bc7d-2e022d3aa429
c7dbdc73-c3ec-4ad2-94d1-583697be4da4,449f31d5-d490-436e-bd9e-f930fc6d6d80
c7dbdc73-c3ec-4ad2-94d1-583697be4da4,1b484887-6733-46af-95ec-35cbe1b1da1e
c7dbdc73-c3ec-4ad2-94d1-583697be4da4,9c842dd6-6005-49a9-900a-fe6a5485dcdb
c7dbdc73-c3ec-4ad2-94d1-583697be4da4,e4f031c7-aac7-43cc-b753-3a50e5738a18
c7dbdc73-c3ec-4ad2-94d1-583697be4da4,1739dca0-de88-41f5-904d-39c1d37ebafe
c7dbdc73-c3ec-4ad2-94d1-583697be4da4,a56d63c1-cf8e-46a5-b665-b016961b0a3f
c7dbdc73-c3ec-4ad2-94d1-583697be4da4,1707b497-51dd-4c04-b29f-c2d6d129857b
c7dbdc73-c3ec-4ad2-94d1-583697be4da4,2472efa9-0fad-49e1-9f32-6f778540386a
c7dbdc73-c3ec-4ad2-94d1-583697be4da4,4ae9a9f7-5967-4a4a-9311-ff6f31a26c10
c7dbdc73-c3ec-4ad2-94d1-583697be4da4,42d93bcc-3f46-428b-a39c-464f4191a7c7
c7dbdc73-c3ec-4ad2-94d1-583697be4da4,5d25db74-c748-418d-a2b8-495aaded545c
c7dbdc73-c3ec-4ad2-94d1-583697be4da4,5ec5bca6-8714-478b-9427-f6c62cae2a67
c7dbdc73-c3ec-4ad2-94d1-583697be4da4,72a7d9fc-8fae-4943-ac00-a3d2fb20527e
c7dbdc73-c3ec-4ad2-94d1-583697be4da4,2088355b-9443-4b83-9a74-19a936bd3e5e
c7dbdc73-c3ec-4ad2-94d1-583697be4da4,14721c46-1e24-467e-9b2f-06b6ce260410
c7dbdc73-c3ec-4ad2-94d1-583697be4da4,2f8d906e-d4c7-423f-9994-a08e818cad6b
c7dbdc73-c3ec-4ad2-94d1-583697be4da4,3d25f299-66a1-4597-8218-7fb78c56eedd
c7dbdc73-c3ec-4ad2-94d1-583697be4da4,ec2a7074-f0ef-48c3-9c45-19fbcf8fabe0
c7dbdc73-c3ec-4ad2-94d1-583697be4da4,cc2ab95e-5301-48b8-8d90-882d3bbc8d1f
c7dbdc73-c3ec-4ad2-94d1-583697be4da4,f856f51c-8ab2-49ec-818a-4411491e3788
c7dbdc73-c3ec-4ad2-94d1-583697be4da4,2ec5acaf-34b7-4b96-8bbb-a8e3356bb726
c7dbdc73-c3ec-4ad2-94d1-583697be4da4,47ea5c75-9cf1-46cc-b17a-dbc2c0256497
c7dbdc73-c3ec-4ad2-94d1-583697be4da4,08b61a1a-f9e1-44b5-bf4c-cdae013d2920
c7dbdc73-c3ec-4ad2-94d1-583697be4da4,b2df91b5-c5a4-4194-aff8-35e409ca363b
c7dbdc73-c3ec-4ad2-94d1-583697be4da4,0da2f8fd-d82f-4cdb-a3e5-9a259e4382a4
c7dbdc73-c3ec-4ad2-94d1-583697be4da4,5bf5835e-bf78-4f86-8629-1c4dada79f81
c7dbdc73-c3ec-4ad2-94d1-583697be4da4,d6aa0f34-3365-490a-bc56-9c635fa5c3df
c7dbdc73-c3ec-4ad2-94d1-583697be4da4,ba06c906-a7ce-4bc3-a3d1-36448949ea79
c7dbdc73-c3ec-4ad2-94d1-583697be4da4,58debf94-e982-4f20-8d96-d64120effc70
c7dbdc73-c3ec-4ad2-94d1-583697be4da4,3aa8f7a6-df03-4f99-8c72-2ae848ade0d4
c7dbdc73-c3ec-4ad2-94d1-583697be4da4,c7034d5c-6a37-43fe-aeaf-380af8a156b8
c7dbdc73-c3ec-4ad2-94d1-583697be4da4,f049f49e-bfcb-49cb-8f07-195fd027bcf4
c7dbdc73-c3ec-4ad2-94d1-583697be4da4,29fafb95-5b85-46c8-a84c-a9dceecb0db3
c7dbdc73-c3ec-4ad2-94d1-583697be4da4,05221027-c3d5-4e4f-8fa6-d9665c0c9b7f
c7dbdc73-c3ec-4ad2-94d1-583697be4da4,90912f91-3acb-4362-b607-f95d7fdd8255
c7dbdc73-c3ec-4ad2-94d1-583697be4da4,c7df18ac-39da-4a6d-ad27-3b76d3817ca1
c7dbdc73-c3ec-4ad2-94d1-583697be4da4,ce1c74f8-7a7f-4eb6-97d9-81fb130b5c5f
c7dbdc73-c3ec-4ad2-94d1-583697be4da4,f1702719-ba2b-4a1c-89f7-0b03ce64a137
c7dbdc73-c3ec-4ad2-94d1-583697be4da4,6680d48c-0207-443b-9962-13b01cba13a0
c7dbdc73-c3ec-4ad2-94d1-583697be4da4,ed55a6bb-63dd-4642-b103-a98eaa3b4ff6
c7dbdc73-c3ec-4ad2-94d1-583697be4da4,8cd59a37-beb8-4594-a984-6abfac31271e
c7dbdc73-c3ec-4ad2-94d1-583697be4da4,afce5cc4-6952-4cef-ac6d-5647df624fb0
c7dbdc73-c3ec-4ad2-94d1-583697be4da4,131a33bd-76e2-452a-99d1-0fe6eecd78dc
c7dbdc73-c3ec-4ad2-94d1-583697be4da4,4703b655-eb63-4719-bec2-ef78fea42da3
c7dbdc73-c3ec-4ad2-94d1-583697be4da4,db80ad35-575b-46f2-951c-c544b62c929e
c7dbdc73-c3ec-4ad2-94d1-583697be4da4,e1353464-67bf-485a-8e1e-3d68d0078e27
c7dbdc73-c3ec-4ad2-94d1-583697be4da4,e3548a3f-a928-4a05-95eb-672644bb5033
c7dbdc73-c3ec-4ad2-94d1-583697be4da4,3631a38c-cc82-4c6a-93a4-4222b7747524
c7dbdc73-c3ec-4ad2-94d1-583697be4da4,be599d62-8f28-4912-a905-f3395010ad89
c7dbdc73-c3ec-4ad2-94d1-583697be4da4,06445092-04e7-47c8-88d7-c583dabaf972
c7dbdc73-c3ec-4ad2-94d1-583697be4da4,8d2b661c-dc97-40ac-a5a4-182c8b5670dd
c7dbdc73-c3ec-4ad2-94d1-583697be4da4,ccf39a9d-43a3-47ea-b44e-67af22fba0e5
c7dbdc73-c3ec-4ad2-94d1-583697be4da4,326a5047-f2fc-4dde-bce0-2a020940c3e0
c7dbdc73-c3ec-4ad2-94d1-583697be4da4,dca3ea3b-fff3-4323-a741-444013de3728
c7dbdc73-c3ec-4ad2-94d1-583697be4da4,f2d5c382-fe4f-4d7a-9434-a6559a44258d
c7dbdc73-c3ec-4ad2-94d1-583697be4da4,9a8b6b61-c5a7-4ddf-9543-83a65f0941ec
c7dbdc73-c3ec-4ad2-94d1-583697be4da4,a6792438-b647-49ee-b6af-6cd56d6ce64d
c7dbdc73-c3ec-4ad2-94d1-583697be4da4,afd34522-cecb-48ce-9f05-54718565bfc3
c7dbdc73-c3ec-4ad2-94d1-583697be4da4,665f8344-5d45-4559-804f-a5bea773016c
c7dbdc73-c3ec-4ad2-94d1-583697be4da4,d99e64d7-e0d0-404c-b70d-d6bd3d33fcae
c7dbdc73-c3ec-4ad2-94d1-583697be4da4,571e990c-8b99-48d6-8f7c-7c29a85111c6
c7dbdc73-c3ec-4ad2-94d1-583697be4da4,6dd520f5-f37f-42df-93e0-24b6b19d687e
c7dbdc73-c3ec-4ad2-94d1-583697be4da4,bd44b065-3db0-4d67-8377-8aa389340b14
